symbol,geneid,gene_name,gene_type,baseMean,log2FoldChange,lfcSE,stat,pvalue,padj
FN1,104841534,fibronectin isoform X1,protein-coding,1542.214142,-2.108029637,0.537695429,-3.920490157,8.84E-05,0.0065395
LOC104836935,104836935,lysozyme g-like,protein-coding,69.19913939,-1.686755114,0.435904225,-3.869554405,0.000109034,0.007662699
MERTK,104836456,tyrosine-protein kinase Mer,protein-coding,21.77491207,-1.681649566,0.477989212,-3.518174731,0.000434526,0.023307798
BST1,104837599,ADP-ribosyl cyclase/cyclic ADP-ribose hydrolase 2 isoform X1,protein-coding,34.77836331,-1.075220085,0.315344702,-3.409665923,0.000650425,0.031747432
SLC1A2,104843218,excitatory amino acid transporter 2,protein-coding,41.9819167,-0.950426111,0.255721036,-3.716652048,0.00020188,0.01261128
PTPN9,104834396,tyrosine-protein phosphatase non-receptor type 9 isoform X1,protein-coding,437.1883705,0.306281505,0.094108491,3.254557626,0.001135691,0.048021705
ISYNA1,104829203,inositol-3-phosphate synthase 1,protein-coding,352.9300189,0.319915833,0.09497809,3.368311938,0.0007563,0.035216656
DTX2,104835517,probable E3 ubiquitin-protein ligase DTX2,protein-coding,610.2945175,0.342490653,0.076848942,4.456673649,8.32E-06,0.000964581
LOC104843152,104843152,caspase-1-like,protein-coding,161.4928081,0.343772247,0.103009579,3.337284264,0.000846014,0.038021712
TTC7A,104837404,tetratricopeptide repeat protein 7A isoform X1,protein-coding,3795.222788,0.374498465,0.093148799,4.020432558,5.81E-05,0.00469057
VGLL4,104842234,transcription cofactor vestigial-like protein 4 isoform X1,protein-coding,2014.471057,0.418166756,0.123775896,3.378418336,0.000729041,0.034476136
RNF19B,104837290,E3 ubiquitin-protein ligase RNF19B,protein-coding,298.8146711,0.419576159,0.114288447,3.671203606,0.000241411,0.014600071
LOC104831571,104831571,protein EURL homolog isoform X1,protein-coding,244.5006983,0.424036256,0.130760246,3.242853001,0.001183393,0.049351369
CENPU,104833384,centromere protein U isoform X1,protein-coding,301.4116955,0.436611603,0.134909721,3.236324265,0.001210798,0.049945399
PUS10,104836320,putative tRNA pseudouridine synthase Pus10 isoform X1,protein-coding,658.8814913,0.449848759,0.119803364,3.754892548,0.000173416,0.011230364
CDC42SE1,104830524,CDC42 small effector protein 1,protein-coding,290.8678866,0.497275238,0.149014507,3.3370928,0.000846597,0.038021712
SDC4,104833141,syndecan-4,protein-coding,1043.062366,0.507105967,0.156433627,3.241668543,0.001188321,0.049421149
LOC104834332,104834332,mucosa-associated lymphoid tissue lymphoma translocation protein 1-like,protein-coding,556.2656322,0.534556568,0.158496879,3.37266306,0.00074445,0.034878857
B4GALNT4,104832094,N-acetyl-beta-glucosaminyl-glycoprotein 4-beta-N-acetylgalactosaminyltransferase 1,protein-coding,115.2280952,0.5498894,0.126968886,4.330898821,1.49E-05,0.001511908
DUSP10,104828472,dual specificity protein phosphatase 10,protein-coding,414.3279761,0.554289663,0.14800035,3.745191574,0.000180256,0.011353895
BEND2,104840538,BEN domain-containing protein 2 isoform X1,protein-coding,394.0613032,0.572628877,0.127315717,4.497707678,6.87E-06,0.000821035
ARID3A,104829088,AT-rich interactive domain-containing protein 3A,protein-coding,180.8028219,0.611730847,0.187562427,3.261478637,0.001108328,0.047306512
PTCHD3,104828896,patched domain-containing protein 3,protein-coding,127.8161781,0.684959176,0.165622433,4.135666679,3.54E-05,0.003160348
TTC31,104832332,tetratricopeptide repeat protein 31 isoform X1,protein-coding,95.89246786,0.722727315,0.221119809,3.26848743,0.00108124,0.046628466
IFI35,104842961,interferon-induced 35 kDa protein isoform X1,protein-coding,156.0292311,0.729986113,0.168136896,4.341617645,1.41E-05,0.001460559
TRANK1,104841040,TPR and ankyrin repeat-containing protein 1 isoform X1,protein-coding,5106.638066,0.767020491,0.217942103,3.519377305,0.000432561,0.023301822
MB21D1,104830712,cyclic GMP-AMP synthase,protein-coding,42.22287302,0.788560199,0.168108068,4.690793294,2.72E-06,0.000350102
SERPING1,104832083,plasma protease C1 inhibitor,protein-coding,66.66792319,0.793858588,0.218713161,3.629679087,0.000283774,0.016460435
LOC104829645,104829645,glucosylceramidase-like,protein-coding,84.66019468,0.794385925,0.187848748,4.228859308,2.35E-05,0.002174064
ZMIZ2,104829028,zinc finger MIZ domain-containing protein 2,protein-coding,227.3300737,0.820380515,0.186072606,4.408926892,1.04E-05,0.001168119
NT5C3B,104843035,7-methylguanosine phosphate-specific 5'-nucleotidase,protein-coding,725.1465142,0.831345859,0.208598658,3.985384514,6.74E-05,0.005326515
TRAF3,104841931,TNF receptor-associated factor 3 isoform X1,protein-coding,3088.102146,0.833602819,0.229355017,3.634552364,0.000278464,0.016320768
SH3BP2,104841692,SH3 domain-binding protein 2 isoform X1,protein-coding,174.0595643,0.89885622,0.238498367,3.768814987,0.000164024,0.010778747
LOC104836683,104836683,C-type lectin domain family 4 member E-like isoform X1,protein-coding,365.0868179,0.90600868,0.224042172,4.043920275,5.26E-05,0.004384251
TRAFD1,104840955,TRAF-type zinc finger domain-containing protein 1,protein-coding,408.1333779,0.907188576,0.188705926,4.807419642,1.53E-06,0.000221036
ZNFX1,104832929,NFX1-type zinc finger-containing protein 1 isoform X1,protein-coding,2148.1966,0.911631307,0.237283295,3.84195317,0.000122059,0.00842208
HELZ2,104832994,helicase with zinc finger domain 2 isoform X1,protein-coding,3544.702656,0.918881449,0.228078757,4.028790148,5.61E-05,0.004551129
TNIP2,104841694,LOW QUALITY PROTEIN: TNFAIP3-interacting protein 2,protein-coding,154.9198391,0.923005358,0.22231532,4.151784764,3.30E-05,0.002963176
STC1,104828847,stanniocalcin-1,protein-coding,98.91538208,0.924637343,0.234177115,3.948453053,7.87E-05,0.00597013
SNX10,104838055,sorting nexin-10 isoform X1,protein-coding,503.6504129,0.927778567,0.197069566,4.707873401,2.50E-06,0.000328929
LOC104841587,104841587,uncharacterized LOC104841587,lncRNA,62.45355914,0.965572084,0.22819922,4.231268107,2.32E-05,0.002164104
LAMTOR4,104834244,ragulator complex protein LAMTOR4,protein-coding,12.77823985,0.9827423,0.301537269,3.259107255,0.001117634,0.047522928
BNIPL,104830574,bcl-2/adenovirus E1B 19 kDa-interacting protein 2-like protein,protein-coding,33.46305532,0.984888274,0.27022385,3.644712609,0.000267691,0.015811462
PIM3,104840404,serine/threonine-protein kinase pim-3,protein-coding,100.4601294,0.995398285,0.27981754,3.557311966,0.000374669,0.02106473
LOC104836616,104836616,poly [ADP-ribose] polymerase 12-like,protein-coding,2118.426687,0.997845446,0.226995525,4.395881576,1.10E-05,0.001222423
LOC104829758,104829758,LOW QUALITY PROTEIN: cornulin-like,protein-coding,41.17463087,1.017377297,0.276205042,3.683413202,0.000230132,0.014073569
CHAF1B,104839814,chromatin assembly factor 1 subunit B,protein-coding,95.66628201,1.021036934,0.306194336,3.334604248,0.000854209,0.03825041
LOC104839125,104839125,tripartite motif-containing protein 47-like,protein-coding,274.3301868,1.032277545,0.209570313,4.925685953,8.41E-07,0.0001289
CD58,104831706,lymphocyte function-associated antigen 3 isoform X1,protein-coding,1797.084977,1.038436694,0.264943195,3.919469199,8.87E-05,0.0065395
LOC104836982,104836982,histone-lysine N-methyltransferase EHMT2-like,protein-coding,31.61094013,1.066450243,0.326995037,3.261365223,0.001108771,0.047306512
LOC104829553,104829553,uncharacterized protein LOC104829553,protein-coding,43.54390804,1.070883384,0.319859489,3.347980665,0.000814027,0.037219664
LOC104828704,104828704,malignant fibrous histiocytoma-amplified sequence 1 homolog,protein-coding,31.39436142,1.072747083,0.309314238,3.468146477,0.000524062,0.026606202
DGAT1,104831326,diacylglycerol O-acyltransferase 1,protein-coding,62.90608028,1.075345254,0.291883474,3.684159437,0.000229459,0.014073569
POU6F1,104832388,"POU domain, class 6, transcription factor 1",protein-coding,150.5812722,1.084881808,0.240172677,4.51709087,6.27E-06,0.000755326
TRIM25,104838742,E3 ubiquitin/ISG15 ligase TRIM25 isoform X1,protein-coding,1012.111024,1.088698082,0.266333398,4.087726481,4.36E-05,0.003736007
NFKBIA,104841775,NF-kappa-B inhibitor alpha,protein-coding,1326.747624,1.141692832,0.265014481,4.308039415,1.65E-05,0.001592527
BIRC2,104838455,baculoviral IAP repeat-containing protein 2,protein-coding,4756.73325,1.141895656,0.281625653,4.054657813,5.02E-05,0.004210793
ZBTB46,104833003,zinc finger and BTB domain-containing protein 46 isoform X1,protein-coding,254.5632649,1.150322764,0.324661816,3.543141528,0.00039539,0.021905208
AMN,104841932,protein amnionless,protein-coding,23.82384098,1.151790714,0.262966257,4.379994334,1.19E-05,0.001296114
R3HCC1L,104830141,coiled-coil domain-containing protein R3HCC1L,protein-coding,28.18169416,1.15284954,0.334915784,3.442207251,0.000576988,0.028906528
IL6,104838075,interleukin-6,protein-coding,121.446043,1.154558774,0.243093161,4.749449831,2.04E-06,0.00028148
LOC104836833,104836833,alpha-fetoprotein-like,protein-coding,48.31287359,1.162515339,0.358040872,3.246878862,0.00116678,0.048927421
NAMPT,104840268,nicotinamide phosphoribosyltransferase,protein-coding,564.5223967,1.172875055,0.23228366,5.049322269,4.43E-07,7.32E-05
PAK3,104832701,serine/threonine-protein kinase PAK 3 isoform X1,protein-coding,150.6302048,1.187742946,0.331136595,3.586867061,0.000334675,0.019099113
LOC104836682,104836682,C-type lectin domain family 4 member E-like isoform X1,protein-coding,186.4919347,1.193845716,0.303745458,3.930415035,8.48E-05,0.00631007
RNF213,104838677,LOW QUALITY PROTEIN: E3 ubiquitin-protein ligase RNF213,protein-coding,3642.740376,1.196709816,0.270521252,4.423718306,9.70E-06,0.001099038
ADORA2B,104835613,adenosine receptor A2b,protein-coding,167.5225658,1.201039966,0.346172277,3.469486284,0.000521455,0.026562692
TRIM65,104839181,tripartite motif-containing protein 65,protein-coding,57.53649595,1.20832389,0.237629885,5.084898696,3.68E-07,6.14E-05
ADAMTS5,104842767,A disintegrin and metalloproteinase with thrombospondin motifs 5,protein-coding,349.2801986,1.224488372,0.33429864,3.662857771,0.000249417,0.014916292
IL21R,104833674,interleukin-21 receptor,protein-coding,44.69100313,1.235911645,0.353518777,3.496028284,0.000472239,0.024634304
EIF2AK2,104840340,"interferon-induced, double-stranded RNA-activated protein kinase isoform X1",protein-coding,866.0807909,1.243673404,0.228618632,5.439947712,5.33E-08,1.12E-05
LOC104833101,104833101,uncharacterized LOC104833101,lncRNA,242.7832885,1.265306917,0.337683176,3.747023864,0.000178945,0.011318276
LOC104831205,104831205,putative uncharacterized protein C19orf35 homolog isoform X1,protein-coding,44.57894419,1.267724575,0.383536221,3.305358151,0.000948551,0.041736246
GAS7,104832522,growth arrest-specific protein 7,protein-coding,333.301044,1.275548738,0.37754843,3.378503619,0.000728815,0.034476136
ZNF516,104838279,zinc finger protein 516,protein-coding,278.6355908,1.28396761,0.380683764,3.372793203,0.000744098,0.034878857
LOC104839469,104839469,corticosteroid 11-beta-dehydrogenase isozyme 1-like,protein-coding,80.65858485,1.291327799,0.35256337,3.662682822,0.000249588,0.014916292
PIEZO1,104839423,piezo-type mechanosensitive ion channel component 1,protein-coding,112.6492187,1.304259451,0.367102415,3.55284901,0.000381083,0.021189897
ELK3,104828299,ETS domain-containing protein Elk-3 isoform X1,protein-coding,175.9030844,1.311581027,0.371297322,3.532427925,0.000411762,0.022573943
LOC104834898,104834898,uncharacterized LOC104834898,lncRNA,12.18632849,1.328138188,0.331656667,4.004557483,6.21E-05,0.004964154
IRF7,104828705,interferon regulatory factor 7,protein-coding,236.3615594,1.331333403,0.296757645,4.486264887,7.25E-06,0.000859599
SLC17A9,104833032,solute carrier family 17 member 9,protein-coding,108.3920085,1.336702496,0.313669985,4.261493166,2.03E-05,0.001914618
PTPRU,104837225,receptor-type tyrosine-protein phosphatase U,protein-coding,44.64346973,1.341675743,0.402987956,3.329319709,0.000870584,0.038694647
SPIDR,104836071,DNA repair-scaffolding protein,protein-coding,512.044607,1.34329444,0.390465677,3.440236927,0.000581205,0.028926866
LOC104835992,104835992,integrin alpha-M-like,protein-coding,198.5498477,1.363962084,0.372235559,3.664244459,0.00024807,0.014916292
RFX2,104828546,DNA-binding protein RFX2 isoform X1,protein-coding,214.2872374,1.367298209,0.389767458,3.507984519,0.000451515,0.023881542
APP,104842753,amyloid beta A4 protein isoform X1,protein-coding,1250.281755,1.368463902,0.377051414,3.629382758,0.0002841,0.016460435
SLC8B1,104836829,"sodium/potassium/calcium exchanger 6, mitochondrial",protein-coding,39.43240114,1.372989202,0.405992233,3.381811502,0.000720095,0.034266608
CHST13,104834437,carbohydrate sulfotransferase 13,protein-coding,121.9900957,1.37445322,0.35395125,3.883170969,0.000103103,0.007347905
GDNF,104843083,glial cell line-derived neurotrophic factor isoform X1,protein-coding,22.95562064,1.383989143,0.423747721,3.266068641,0.001090518,0.046895369
FAM60A,104830950,protein FAM60A,protein-coding,78.00831639,1.390768831,0.402416722,3.456041353,0.000548171,0.027553772
LOC104832239,104832239,C-X-C chemokine receptor type 2-like,protein-coding,56.31721947,1.390793294,0.350079471,3.972793059,7.10E-05,0.005522698
HBEGF,104830818,proheparin-binding EGF-like growth factor,protein-coding,123.9385695,1.390808038,0.423895522,3.281016115,0.001034338,0.045118552
LDHB,104836707,L-lactate dehydrogenase B chain,protein-coding,61.33097346,1.39489643,0.410275052,3.399905559,0.000674091,0.032538916
COMMD4,104834689,COMM domain-containing protein 4,protein-coding,78.19900759,1.396777462,0.354093657,3.944655412,7.99E-05,0.006035357
CASZ1,104837903,zinc finger protein castor homolog 1,protein-coding,281.2417384,1.400535227,0.399141599,3.508868112,0.000450018,0.023881542
LOC104840286,104840286,interleukin-2 receptor subunit alpha-like,protein-coding,78.89654793,1.400998286,0.427546385,3.276833423,0.001049783,0.045661041
ANGPT2,104827816,angiopoietin-2 isoform X1,protein-coding,601.1638642,1.406498907,0.267880467,5.250472053,1.52E-07,2.84E-05
LOC104841707,104841707,pantetheinase-like,protein-coding,1350.597386,1.407118734,0.412541573,3.410853173,0.0006476,0.031711487
ATCAY,104828580,caytaxin,protein-coding,35.19660739,1.411198681,0.420555344,3.355559975,0.000792045,0.036434061
LOC104836663,104836663,oxidized low-density lipoprotein receptor 1-like,protein-coding,91.92871188,1.414016695,0.364689869,3.877312798,0.000105617,0.007469182
SLC39A1,104830593,zinc transporter ZIP1,protein-coding,19.77632939,1.414752223,0.350944408,4.03127159,5.55E-05,0.004527549
RECK,104837791,reversion-inducing cysteine-rich protein with Kazal motifs,protein-coding,181.3543124,1.427264317,0.404058014,3.532325229,0.000411922,0.022573943
LOC104832872,104832872,C-type lectin domain family 2 member D-like,protein-coding,93.92419177,1.429932029,0.269436705,5.307116678,1.11E-07,2.22E-05
NFKBIE,104840365,NF-kappa-B inhibitor epsilon,protein-coding,146.6697979,1.430331968,0.435306251,3.285806175,0.00101691,0.044614704
TNFRSF9,104830465,tumor necrosis factor receptor superfamily member 9,protein-coding,25.12632737,1.432692221,0.428190417,3.345923134,0.000820091,0.037384341
SH3PXD2B,104838996,SH3 and PX domain-containing protein 2B,protein-coding,245.9934533,1.433325449,0.422480662,3.392641556,0.000692222,0.033148022
PRKCQ,104840217,protein kinase C theta type,protein-coding,384.2877694,1.43725601,0.437787845,3.282996608,0.001027099,0.044931882
LOC104836723,104836723,putative DBH-like monooxygenase protein 2,protein-coding,60.19669318,1.438308802,0.379715811,3.787855974,0.000151953,0.010161431
SLAMF1,104829690,signaling lymphocytic activation molecule,protein-coding,48.69832511,1.445695426,0.422424695,3.422374312,0.000620768,0.03059499
SNX18,104829363,sorting nexin-18,protein-coding,106.1404732,1.456487192,0.336815978,4.324281771,1.53E-05,0.001518294
MYO1B,104829613,unconventional myosin-Ib isoform X1,protein-coding,296.6653223,1.472371426,0.419469127,3.510082934,0.000447967,0.023860134
LOC104840220,104840220,endonuclease domain-containing 1 protein-like,protein-coding,31.67515628,1.473091617,0.323794566,4.549463679,5.38E-06,0.000658406
CITED4,104837236,cbp/p300-interacting transactivator 4,protein-coding,220.8067475,1.477363955,0.349489964,4.227199937,2.37E-05,0.00217688
LOC104841447,104841447,uncharacterized LOC104841447,lncRNA,61.06994241,1.49609409,0.427192946,3.502150734,0.000461518,0.024325868
MYBPH,104842428,myosin-binding protein H,protein-coding,49.45925516,1.496635877,0.449095966,3.332552485,0.000860532,0.03842024
MECR,104837224,"trans-2-enoyl-CoA reductase, mitochondrial isoform X1",protein-coding,109.060048,1.503618137,0.366641727,4.101055679,4.11E-05,0.003587973
LOC104834116,104834116,interferon-induced guanylate-binding protein 1-like,protein-coding,84.63010867,1.505990491,0.313695228,4.800807785,1.58E-06,0.000226142
LOC104833183,104833183,uncharacterized protein C20orf195 homolog,protein-coding,23.43434275,1.517172882,0.327678789,4.630061301,3.66E-06,0.000458608
LOC104834852,104834852,adrenodoxin-like,protein-coding,23.97203293,1.522937091,0.468174877,3.252923565,0.001142242,0.048164545
PVRL1,104840483,nectin-1,protein-coding,50.22564181,1.52709189,0.467202787,3.26858472,0.001080868,0.046628466
ADAM8,104833469,disintegrin and metalloproteinase domain-containing protein 8,protein-coding,60.81772081,1.535813231,0.396143013,3.876916112,0.000105789,0.007469182
SGPP1,104842090,sphingosine-1-phosphate phosphatase 1,protein-coding,63.12164373,1.536620817,0.417489025,3.680625653,0.000232662,0.014127259
TMEM150A,104831882,transmembrane protein 150A,protein-coding,60.23500408,1.536795648,0.354222026,4.338509561,1.43E-05,0.001471355
LOC104831050,104831050,overexpressed in colon carcinoma 1 protein,protein-coding,447.6078084,1.541004252,0.443905371,3.471470167,0.000517617,0.026455972
CAMKK2,104840898,calcium/calmodulin-dependent protein kinase kinase 2 isoform X1,protein-coding,100.8277225,1.54975298,0.398752403,3.886504428,0.000101698,0.007281966
SNTA1,104842026,alpha-1-syntrophin,protein-coding,17.56464199,1.55942421,0.419745948,3.715162031,0.000203074,0.012633837
RALGDS,104834023,ral guanine nucleotide dissociation stimulator,protein-coding,212.3177829,1.562974314,0.275165047,5.680133914,1.35E-08,3.30E-06
LAMB3,104838970,laminin subunit beta-3,protein-coding,23.94747827,1.567567117,0.35835148,4.374384376,1.22E-05,0.001313889
TNFAIP3,104836210,tumor necrosis factor alpha-induced protein 3,protein-coding,1034.185795,1.567856844,0.272539806,5.752762753,8.78E-09,2.37E-06
RNF144A,104831255,probable E3 ubiquitin-protein ligase RNF144A isoform X1,protein-coding,278.306696,1.582265278,0.394999193,4.005743059,6.18E-05,0.004964154
LOC104835337,104835337,tubulin beta-2 chain isoform X1,protein-coding,42.12926618,1.593948513,0.435860834,3.657012487,0.000255172,0.015190236
P2RX4,104840899,P2X purinoceptor 4,protein-coding,21.86578885,1.60097242,0.476682552,3.358571472,0.000783465,0.036148913
IL23R,104828090,interleukin-23 receptor,protein-coding,77.7951063,1.601073848,0.38147963,4.197010065,2.70E-05,0.00247326
SOCS1,104838615,suppressor of cytokine signaling 1,protein-coding,22.42956287,1.608905875,0.386921142,4.158226836,3.21E-05,0.002915355
ABCA4,104841160,retinal-specific ATP-binding cassette transporter,protein-coding,135.2653818,1.609410051,0.472579186,3.405588095,0.000660217,0.032019474
LOC104831317,104831317,uncharacterized protein LOC104831317,protein-coding,20.74967963,1.612846392,0.46870893,3.441040462,0.000579482,0.028926866
LOC104831157,104831157,tubulin alpha-1A chain isoform X1,protein-coding,82.70140857,1.615550044,0.407485892,3.964677242,7.35E-05,0.005634641
LOC104828009,104828009,"myosin light chain kinase, smooth muscle-like",protein-coding,143.2214421,1.619913798,0.468369737,3.458621832,0.000542947,0.027381828
SGPL1,104839571,sphingosine-1-phosphate lyase 1,protein-coding,103.4238979,1.620545407,0.455915933,3.554482939,0.000378723,0.02117048
DDX58,104838385,probable ATP-dependent RNA helicase DDX58 isoform X1,protein-coding,1857.358177,1.624576858,0.370399762,4.38600945,1.15E-05,0.00126994
FMNL2,104829044,formin-like protein 2,protein-coding,156.9244467,1.626160381,0.464812093,3.498532863,0.000467825,0.024572976
RIPK2,104828369,receptor-interacting serine/threonine-protein kinase 2,protein-coding,57.87360364,1.630685411,0.421914679,3.864964866,0.000111105,0.007772243
GPR56,104841435,G-protein coupled receptor 56,protein-coding,111.8468042,1.635857124,0.504171994,3.244641,0.001175988,0.049177672
PIK3C2B,104839589,phosphatidylinositol 4-phosphate 3-kinase C2 domain-containing subunit beta,protein-coding,54.63650549,1.644240214,0.421214128,3.903573274,9.48E-05,0.006851445
LOC104828865,104828865,interleukin-36 receptor antagonist protein-like isoform X1,protein-coding,28.70763053,1.645268216,0.423280536,3.886945122,0.000101514,0.007281966
IL1R2,104836922,interleukin-1 receptor type 2,protein-coding,485.151855,1.651107391,0.473330592,3.488275255,0.000486147,0.025101076
1-Mar,104843250,E3 ubiquitin-protein ligase MARCH1,protein-coding,179.5166012,1.652443859,0.440796766,3.74876584,0.000177707,0.011318276
LOC104831182,104831182,tubulin alpha-8 chain-like,protein-coding,56.94582021,1.653653917,0.438531821,3.77088694,0.000162668,0.010736112
IL1RAP,104835187,interleukin-1 receptor accessory protein isoform X1,protein-coding,905.5558423,1.654288864,0.376169424,4.397722831,1.09E-05,0.001221014
LOC104836629,104836629,potassium voltage-gated channel subfamily KQT member 1-like,protein-coding,1653.327542,1.658067153,0.439187571,3.775305276,0.000159812,0.01059364
LOC104834683,104834683,protein PML-like,protein-coding,34.35755815,1.666210277,0.45654269,3.649626448,0.000262622,0.01557266
FADS1,104829426,fatty acid desaturase 1 isoform X1,protein-coding,50.72035738,1.666751724,0.465536149,3.580284209,0.000343221,0.019513446
RAPGEF5,104838076,LOW QUALITY PROTEIN: rap guanine nucleotide exchange factor 5,protein-coding,647.3210673,1.667217971,0.418834781,3.980610124,6.87E-05,0.005406488
ZBTB42,104842045,zinc finger and BTB domain-containing protein 42,protein-coding,16.26659276,1.674358781,0.475298907,3.522749063,0.000427096,0.023154679
FERMT1,104836311,fermitin family homolog 1,protein-coding,78.14921616,1.6795226,0.392900345,4.274678352,1.91E-05,0.001827456
LOC104839568,104839568,Krueppel-like factor 15,protein-coding,19.31764036,1.682067481,0.519881432,3.235482898,0.001214372,0.049957075
INHBB,104833271,inhibin beta B chain,protein-coding,20.20376965,1.687085122,0.443069605,3.80772028,0.000140254,0.009504699
RASSF7,104828688,ras association domain-containing protein 7,protein-coding,15.23121837,1.688814755,0.485607447,3.477736529,0.000505667,0.026020408
LOC104832606,104832606,intercellular adhesion molecule 5-like,protein-coding,69.75010982,1.693434076,0.276511287,6.124285528,9.11E-10,2.82E-07
RNF144B,104835270,E3 ubiquitin-protein ligase RNF144B,protein-coding,102.3238053,1.701935289,0.470869768,3.614450117,0.000300986,0.017306681
SH2B2,104835512,SH2B adapter protein 2,protein-coding,80.8889329,1.703486753,0.502940676,3.387053054,0.000706477,0.033724291
PID1,104832241,"PTB-containing, cubilin and LRP1-interacting protein",protein-coding,249.0145021,1.707981782,0.485334888,3.519181958,0.00043288,0.023301822
SEMA4D,104832483,semaphorin-4D,protein-coding,37.40297944,1.710657104,0.483743125,3.536292337,0.000405785,0.022399353
NR4A1,104831147,nuclear receptor subfamily 4 group A member 1,protein-coding,99.40542417,1.711611617,0.395463939,4.328110473,1.50E-05,0.001511908
VWA1,104837950,von Willebrand factor A domain-containing protein 1,protein-coding,104.0371158,1.726186151,0.484272402,3.564494165,0.000364559,0.02064925
PPP1R36,104842088,protein phosphatase 1 regulatory subunit 36,protein-coding,102.7549792,1.749751364,0.429768851,4.071377809,4.67E-05,0.003982961
LOC104835217,104835217,PHD finger protein 13-like,protein-coding,17.98144768,1.753836557,0.428780531,4.090289625,4.31E-05,0.003715951
CSF1,104842446,macrophage colony-stimulating factor 1,protein-coding,50.18142335,1.754689208,0.441777971,3.97188027,7.13E-05,0.005522698
RHOBTB2,104828838,rho-related BTB domain-containing protein 2,protein-coding,17.24186286,1.761075358,0.498865029,3.530163983,0.000415302,0.022677291
PLGRKT,104843228,plasminogen receptor (KT),protein-coding,58.5352985,1.766398387,0.478376265,3.692487517,0.000222071,0.013703421
LOC104843162,104843162,E3 ubiquitin-protein ligase TRIM39-like,protein-coding,48.08555061,1.771793563,0.459026832,3.859891052,0.000113438,0.007862934
SOCS3,104832107,suppressor of cytokine signaling 3,protein-coding,27.45342566,1.772207495,0.471909116,3.755400002,0.000173065,0.011230364
TMEM52B,104836662,transmembrane protein 52B,protein-coding,15.37759055,1.778380581,0.467342281,3.805306422,0.000141629,0.009555219
NFKBIZ,104831631,NF-kappa-B inhibitor zeta isoform X1,protein-coding,236.8961257,1.781125265,0.253181731,7.034967564,1.99E-12,1.21E-09
DST,104831055,dystonin isoform X1,protein-coding,654.5594989,1.781534198,0.438148483,4.066051276,4.78E-05,0.004032518
RAB25,104829677,ras-related protein Rab-25 isoform X1,protein-coding,9.273700563,1.803048047,0.553405493,3.258095684,0.001121626,0.047559441
G0S2,104838961,G0/G1 switch protein 2,protein-coding,307.4613682,1.806760807,0.404820403,4.463116959,8.08E-06,0.000943214
LOC104829002,104829002,interleukin-36 receptor antagonist protein-like,protein-coding,23.97146205,1.810834518,0.415420364,4.359041284,1.31E-05,0.001377094
SUCNR1,104842567,succinate receptor 1,protein-coding,41.4599831,1.812470471,0.529527374,3.422807886,0.000619779,0.03059499
SLC1A6,104839992,excitatory amino acid transporter 4 isoform X1,protein-coding,110.5669289,1.817419006,0.489463217,3.713085977,0.000204747,0.012685975
LOC104836677,104836677,C->U-editing enzyme APOBEC-1-like,protein-coding,105.763078,1.817487911,0.421514472,4.311804294,1.62E-05,0.001575681
LOC104835263,104835263,"phosphoenolpyruvate carboxykinase [GTP], mitochondrial-like",protein-coding,567.5989085,1.819042063,0.421038296,4.320372001,1.56E-05,0.001527507
IL1RL1,104836918,interleukin-1 receptor-like 1 isoform X1,protein-coding,81.65332172,1.827148026,0.404141675,4.521058187,6.15E-06,0.000747236
GALNT6,104832371,polypeptide N-acetylgalactosaminyltransferase 6,protein-coding,27.87565678,1.829836225,0.541865935,3.376916886,0.000733032,0.034557221
CALM1,104841855,LOW QUALITY PROTEIN: calmodulin,protein-coding,1247.142446,1.837281719,0.377895517,4.861877518,1.16E-06,0.000174762
CD5,104829855,T-cell surface glycoprotein CD5,protein-coding,16.71990408,1.838952581,0.547006408,3.361848333,0.000774226,0.035831574
LOC104836919,104836919,interleukin-1 receptor type 1-like,protein-coding,97.5319159,1.854267264,0.373643645,4.962662386,6.95E-07,0.000107706
FAM69B,104834017,protein FAM69B,protein-coding,31.60788408,1.855416956,0.44935374,4.129078699,3.64E-05,0.003233249
LOC104833018,104833018,tyrosine-protein kinase Srms-like,protein-coding,21.91198387,1.857635538,0.511676248,3.630490071,0.000282884,0.016460435
FAM129B,104834056,niban-like protein 1,protein-coding,94.31057814,1.864963901,0.53439562,3.489856261,0.00048328,0.025101076
CRTAM,104840518,cytotoxic and regulatory T-cell molecule,protein-coding,35.14507628,1.865636184,0.462078115,4.037490899,5.40E-05,0.004481496
TBC1D9,104841744,TBC1 domain family member 9 isoform X1,protein-coding,318.1936956,1.866574576,0.356813521,5.231232753,1.68E-07,3.08E-05
GPRC5B,104833490,G-protein coupled receptor family C group 5 member B,protein-coding,15.39435752,1.870743799,0.550307746,3.399450239,0.000675215,0.032538916
WNT5B,104830934,protein Wnt-5b,protein-coding,59.13373439,1.87570971,0.465257883,4.031548475,5.54E-05,0.004527549
IKBKE,104839093,inhibitor of nuclear factor kappa-B kinase subunit epsilon,protein-coding,532.073676,1.886221557,0.400873688,4.705276529,2.54E-06,0.000328929
ILVBL,104832614,acetolactate synthase-like protein,protein-coding,19.15782537,1.886399205,0.503360563,3.747610247,0.000178527,0.011318276
RACGAP1,104831132,rac GTPase-activating protein 1,protein-coding,13.20392202,1.889948585,0.535956409,3.526310261,0.000421393,0.022927404
MFSD2A,104837293,sodium-dependent lysophosphatidylcholine symporter 1,protein-coding,138.8340344,1.89548137,0.345814932,5.481201629,4.22E-08,9.16E-06
LOC104827785,104827785,probable E3 ubiquitin-protein ligase HERC3,protein-coding,775.6122535,1.895869581,0.284449252,6.665053847,2.65E-11,1.22E-08
NOS2,104835702,"nitric oxide synthase, inducible",protein-coding,280.6701691,1.903600191,0.403011821,4.723435126,2.32E-06,0.000311518
LOC104836628,104836628,uncharacterized LOC104836628,lncRNA,12.01801844,1.904215129,0.493187384,3.861037796,0.000112906,0.007862017
NCF4,104842803,neutrophil cytosol factor 4,protein-coding,67.5527509,1.916176073,0.440015927,4.354787988,1.33E-05,0.001384871
LOC104833305,104833305,proto-oncogene Mas-like,protein-coding,28.14914367,1.91652415,0.502205879,3.8162121,0.000135516,0.009266366
TP63,104835182,tumor protein 63 isoform X1,protein-coding,205.6463456,1.918457292,0.546390543,3.51114659,0.000446178,0.023848544
PDE11A,104832898,"dual 3',5'-cyclic-AMP and -GMP phosphodiesterase 11A",protein-coding,259.3914449,1.921631755,0.399251281,4.81308852,1.49E-06,0.000216921
SORBS2,104833393,sorbin and SH3 domain-containing protein 2 isoform X1,protein-coding,162.6151907,1.941619786,0.445767509,4.355678123,1.33E-05,0.001384871
CAPN3,104839649,calpain-3 isoform X1,protein-coding,129.1040949,1.94602789,0.342516157,5.681565233,1.33E-08,3.30E-06
SEMA3C,104840177,semaphorin-3C,protein-coding,180.3649904,1.948987918,0.520895609,3.741609424,0.000182846,0.011469402
LOC104839840,104839840,interferon-induced GTP-binding protein Mx-like,protein-coding,193.1382371,1.950234565,0.519898968,3.751179916,0.000176004,0.011318276
NCALD,104837719,neurocalcin-delta,protein-coding,406.3597428,1.963094398,0.463767637,4.232926667,2.31E-05,0.002161461
GTPBP3,104829190,"tRNA modification GTPase GTPBP3, mitochondrial",protein-coding,13.31130333,1.981044022,0.537944492,3.682617911,0.000230851,0.014073569
ETV7,104842336,LOW QUALITY PROTEIN: transcription factor ETV7,protein-coding,25.16475848,1.987045415,0.412674562,4.815042164,1.47E-06,0.000216895
ENO2,104831776,gamma-enolase isoform X1,protein-coding,117.7342459,1.987205826,0.590418299,3.365759209,0.000763333,0.035435463
ACP5,104833237,tartrate-resistant acid phosphatase type 5,protein-coding,12.66520244,1.988362598,0.530634309,3.747142927,0.00017886,0.011318276
LOC104841446,104841446,antimicrobial peptide THP2,protein-coding,25.35130682,1.989773257,0.405956135,4.901448918,9.51E-07,0.000144411
USP18,104830918,ubl carboxyl-terminal hydrolase 18,protein-coding,288.7250919,1.992918924,0.284086848,7.015174905,2.30E-12,1.34E-09
LOC104835480,104835480,uncharacterized gene,V_segment,33.53228016,1.99526947,0.38630946,5.1649511,2.41E-07,4.25E-05
TMEM123,104838454,porimin,protein-coding,343.8000717,1.99657707,0.400265464,4.988132252,6.10E-07,9.64E-05
SLC26A11,104838771,sodium-independent sulfate anion transporter,protein-coding,19.52732792,1.998184131,0.532244832,3.754257462,0.000173856,0.011230364
PPARG,104842229,peroxisome proliferator-activated receptor gamma,protein-coding,145.7922186,2.00643571,0.36667574,5.47196199,4.45E-08,9.52E-06
LOC104834367,104834367,protein PML-like,protein-coding,62.03137239,2.007985434,0.37693061,5.32720183,9.97E-08,2.05E-05
LOC104829755,104829755,natural killer cell receptor 2B4-like,protein-coding,13.99915601,2.011146533,0.620774208,3.239739197,0.001196391,0.049620796
FAM167B,104837122,protein FAM167B,protein-coding,5.076576802,2.01491851,0.577501007,3.489030295,0.000484776,0.025101076
PDE4C,104828557,"cAMP-specific 3',5'-cyclic phosphodiesterase 4C",protein-coding,17.97854827,2.021181427,0.611039981,3.307772797,0.000940411,0.041498356
TUBB6,104841567,tubulin beta-6 chain isoform X1,protein-coding,87.3410288,2.02962507,0.387083593,5.243376636,1.58E-07,2.92E-05
PDLIM2,104828991,PDZ and LIM domain protein 2,protein-coding,11.44939054,2.037446975,0.609832197,3.340996071,0.000834784,0.037904056
PLEKHG3,104829873,pleckstrin homology domain-containing family G member 3,protein-coding,14.34707692,2.038386994,0.572782519,3.558745118,0.000372631,0.02102802
LOC104835046,104835046,LOW QUALITY PROTEIN: ryanodine receptor 1-like,protein-coding,41.01978518,2.048077157,0.544081074,3.764286708,0.000167025,0.010928629
CD274,104843229,programmed cell death 1 ligand 1,protein-coding,75.47778147,2.052563474,0.398478935,5.150996187,2.59E-07,4.52E-05
SAMD4A,104839486,protein Smaug homolog 1 isoform X1,protein-coding,244.0627748,2.055278786,0.469895147,4.373909373,1.22E-05,0.001313889
ANKRD2,104830135,ankyrin repeat domain-containing protein 2,protein-coding,6.548395353,2.064640544,0.630344355,3.275416884,0.001055062,0.045759527
KIAA1522,104837287,uncharacterized protein KIAA1522 homolog,protein-coding,15.05256674,2.082144931,0.61274825,3.398043047,0.000678697,0.032603248
SPRY1,104836823,protein sprouty homolog 1,protein-coding,7.466596276,2.094709224,0.528050486,3.96687302,7.28E-05,0.005611342
BATF3,104837355,basic leucine zipper transcriptional factor ATF-like 3,protein-coding,7.872540373,2.115390385,0.620613366,3.408547901,0.000653096,0.031775641
CDH3,104839326,cadherin-3,protein-coding,11.40893563,2.129919252,0.609154258,3.496518693,0.000471371,0.024634304
TET3,104829018,methylcytosine dioxygenase TET3,protein-coding,146.8050375,2.13555827,0.353361803,6.043545882,1.51E-09,4.24E-07
LOC104833297,104833297,mas-related G-protein coupled receptor member H-like,protein-coding,4.057717547,2.139524555,0.660967346,3.236959536,0.001208105,0.049945399
IGFBP7,104827784,insulin-like growth factor-binding protein 7,protein-coding,16.28583686,2.155563068,0.568246056,3.793362126,0.000148621,0.009982608
TOPAZ1,104828634,testis- and ovary-specific PAZ domain-containing protein 1,protein-coding,144.2960281,2.158929319,0.470884197,4.584841312,4.54E-06,0.000565307
PLEKHN1,104837924,pleckstrin homology domain-containing family N member 1,protein-coding,54.1668824,2.160068705,0.530699201,4.070231685,4.70E-05,0.003982961
ST3GAL4,104840441,"CMP-N-acetylneuraminate-beta-galactosamide-alpha-2,3-sialyltransferase 4 isoform X1",protein-coding,50.24362073,2.17054871,0.529796978,4.096944299,4.19E-05,0.003631399
F8,104833763,coagulation factor VIII,protein-coding,246.5167363,2.181111392,0.35333039,6.173008198,6.70E-10,2.16E-07
CCNJL,104839127,cyclin-J-like protein,protein-coding,46.62094717,2.198751228,0.495443799,4.437942772,9.08E-06,0.001036609
GLIS2,104831450,zinc finger protein GLIS2,protein-coding,5.194798606,2.20302976,0.545863692,4.035860586,5.44E-05,0.004488207
NR4A3,104838294,nuclear receptor subfamily 4 group A member 3 isoform X1,protein-coding,792.4233721,2.209027194,0.442364652,4.993679278,5.92E-07,9.47E-05
S100Z,104841285,protein S100-Z,protein-coding,2.738041587,2.209863266,0.621786388,3.554055396,0.000379339,0.02117048
FGR,104837205,tyrosine-protein kinase Fgr isoform X1,protein-coding,48.35160002,2.215729004,0.390504042,5.674023225,1.39E-08,3.36E-06
LOC104828570,104828570,perilipin-3-like,protein-coding,10.79028334,2.229570292,0.563588258,3.956026866,7.62E-05,0.005813146
LOC104828571,104828571,perilipin-3-like,protein-coding,37.17973955,2.23608965,0.474265618,4.714846626,2.42E-06,0.000322099
CNN1,104833236,calponin-1,protein-coding,33.56121301,2.241091156,0.32415909,6.913553323,4.73E-12,2.58E-09
DDR1,104833338,epithelial discoidin domain-containing receptor 1,protein-coding,41.18493259,2.241510543,0.413982739,5.414502421,6.15E-08,1.28E-05
LAG3,104831769,lymphocyte activation gene 3 protein,protein-coding,19.82593424,2.260276555,0.574072636,3.937265795,8.24E-05,0.006193388
ALPK1,104836795,alpha-protein kinase 1,protein-coding,68.98419051,2.270170811,0.450109156,5.043600604,4.57E-07,7.46E-05
CYSLTR2,104841638,cysteinyl leukotriene receptor 2,protein-coding,23.18583619,2.270513425,0.601117066,3.777156818,0.000158629,0.010561342
EDNRB,104838316,endothelin B receptor,protein-coding,29.0272467,2.277368904,0.527158637,4.320082694,1.56E-05,0.001527507
DCN,104828279,decorin,protein-coding,58.90266837,2.300365399,0.588447573,3.909210442,9.26E-05,0.006738451
TNFSF14,104832624,tumor necrosis factor ligand superfamily member 14,protein-coding,12.50232523,2.300906285,0.588655611,3.908747732,9.28E-05,0.006738451
RASSF6,104836759,ras association domain-containing protein 6,protein-coding,40.91339719,2.311043267,0.436141502,5.298838232,1.17E-07,2.27E-05
RNF223,104838029,RING finger protein 223,protein-coding,4.587334668,2.313284534,0.638689765,3.621922037,0.000292422,0.016878213
TRIM47,104839182,tripartite motif-containing protein 47,protein-coding,13.6655364,2.318971708,0.694489128,3.339104407,0.00084049,0.037972123
C1S,104831782,complement C1s subcomponent,protein-coding,19.42608051,2.32894945,0.538043033,4.328556097,1.50E-05,0.001511908
DHX58,104842936,probable ATP-dependent RNA helicase DHX58,protein-coding,222.8782391,2.334766223,0.325883519,7.164419465,7.81E-13,4.94E-10
FMNL3,104831171,formin-like protein 3,protein-coding,148.0342605,2.339102624,0.256910693,9.104730493,8.65E-20,2.19E-16
LOC104836832,104836832,interleukin-8-like,protein-coding,14.24056311,2.355252326,0.508322498,4.633382028,3.60E-06,0.000455071
LRRN2,104839340,leucine-rich repeat neuronal protein 2,protein-coding,5.260054608,2.369268264,0.711718852,3.328938468,0.000871777,0.038694647
LOC104828448,104828448,stromelysin-1-like,protein-coding,10.64835897,2.387748741,0.599048187,3.98590429,6.72E-05,0.005326515
LOC104836746,104836746,acyl-CoA desaturase-like,protein-coding,366.4099482,2.393335819,0.467985311,5.11412594,3.15E-07,5.32E-05
FLT1,104834974,vascular endothelial growth factor receptor 1 isoform X1,protein-coding,220.5812455,2.400213656,0.523916803,4.581287797,4.62E-06,0.000570325
PSD,104831976,LOW QUALITY PROTEIN: PH and SEC7 domain-containing protein 1,protein-coding,149.2589194,2.400972301,0.378259952,6.347413431,2.19E-10,7.73E-08
LOC104830182,104830182,interferon-induced protein with tetratricopeptide repeats 5-like isoform X1,protein-coding,1286.91017,2.43039415,0.386058534,6.295403251,3.07E-10,1.01E-07
SLC39A8,104827794,zinc transporter ZIP8,protein-coding,39.24011137,2.435889778,0.517555299,4.706530456,2.52E-06,0.000328929
BMP2,104836449,bone morphogenetic protein 2,protein-coding,9.472557103,2.452731174,0.623338044,3.934833111,8.33E-05,0.006225634
SH2D4A,104843362,SH2 domain-containing protein 4A,protein-coding,17.45706707,2.461156191,0.619219393,3.97461097,7.05E-05,0.005516004
CD40,104833147,tumor necrosis factor receptor superfamily member 5,protein-coding,19.15855987,2.468014321,0.52812011,4.673206484,2.97E-06,0.000378267
SNAI1,104833103,zinc finger protein SNAI1,protein-coding,5.561696072,2.469381283,0.598645004,4.124950956,3.71E-05,0.003272647
CD83,104835279,CD83 antigen,protein-coding,40.10143556,2.475703247,0.483252913,5.122997046,3.01E-07,5.19E-05
TAAR1,104836231,trace amine-associated receptor 1,protein-coding,3.508866436,2.476553111,0.713026783,3.473296053,0.000514108,0.0263654
LOC104831758,104831758,protein Wnt-4-like,protein-coding,4.988437011,2.491745085,0.694158199,3.58959253,0.000331195,0.018971864
BCL2A1,104834543,bcl-2-related protein A1,protein-coding,13.616575,2.499868664,0.638863201,3.912995239,9.12E-05,0.006684944
LOC104831021,104831021,LOW QUALITY PROTEIN: aldose reductase-related protein 1-like,protein-coding,51.50436158,2.500212213,0.435172317,5.745338373,9.17E-09,2.40E-06
LOC104828905,104828905,probable polyketide synthase 1,protein-coding,64.2848546,2.507831197,0.381556908,6.572626907,4.94E-11,2.14E-08
CASKIN2,104839268,caskin-2,protein-coding,76.51666954,2.51359382,0.523766516,4.799073146,1.59E-06,0.000226142
ACSL1,104833386,long-chain-fatty-acid--CoA ligase 1,protein-coding,2485.589133,2.520801827,0.391718536,6.435237543,1.23E-10,4.80E-08
MMP7,104828459,matrilysin,protein-coding,6.175478561,2.529112782,0.695160499,3.638171019,0.000274581,0.016155584
EPSTI1,104841623,epithelial-stromal interaction protein 1 isoform X1,protein-coding,611.9847637,2.536731031,0.32131628,7.894810159,2.91E-15,2.45E-12
SEMA3B,104835647,semaphorin-3B,protein-coding,12.14073716,2.537176541,0.569517,4.454961905,8.39E-06,0.000964943
NFKB2,104831881,nuclear factor NF-kappa-B p100 subunit,protein-coding,333.1529662,2.543265784,0.396617418,6.412390556,1.43E-10,5.30E-08
MCM3,104841441,DNA replication licensing factor MCM3,protein-coding,20.13897029,2.54397723,0.58813492,4.325499376,1.52E-05,0.001518294
ISLR2,104834368,immunoglobulin superfamily containing leucine-rich repeat protein 2,protein-coding,8.696327941,2.545641754,0.612514646,4.156050421,3.24E-05,0.002925732
OGFRL1,104830715,opioid growth factor receptor-like protein 1,protein-coding,71.16429498,2.550409805,0.53675487,4.751535474,2.02E-06,0.000281147
LMX1A,104840604,LIM homeobox transcription factor 1-alpha,protein-coding,162.897119,2.550969274,0.491092664,5.194476444,2.05E-07,3.67E-05
LOC104835237,104835237,feather keratin Cos1-1/Cos1-3/Cos2-1,protein-coding,90.57180874,2.581860089,0.487256635,5.298768461,1.17E-07,2.27E-05
NOG,104838746,noggin,protein-coding,6.051324982,2.591377448,0.775761518,3.340430517,0.000836486,0.037904056
SLC4A8,104832386,electroneutral sodium bicarbonate exchanger 1,protein-coding,58.59960863,2.596603407,0.54867168,4.732526756,2.22E-06,0.000303247
LOC104842113,104842113,lymphocyte antigen 6E-like,protein-coding,6.674282032,2.599450078,0.781492466,3.326263771,0.000880186,0.038954001
RHOV,104839672,rho-related GTP-binding protein RhoV,protein-coding,26.20660148,2.608076028,0.472822733,5.515970032,3.47E-08,7.63E-06
CMPK2,104831284,"UMP-CMP kinase 2, mitochondrial",protein-coding,303.4899599,2.614980398,0.360780552,7.248119068,4.23E-13,2.79E-10
SLCO4A1,104833040,solute carrier organic anion transporter family member 4A1,protein-coding,63.70958271,2.615554405,0.525077715,4.981271017,6.32E-07,9.89E-05
LOC104834220,104834220,uncharacterized protein LOC104834220,protein-coding,3.783976524,2.615725607,0.761917395,3.433082935,0.00059676,0.029603953
ASPG,104830500,60 kDa lysophospholipase,protein-coding,720.7170512,2.616841939,0.390013116,6.709625476,1.95E-11,9.26E-09
SLC15A3,104829853,solute carrier family 15 member 3,protein-coding,11.38601233,2.629977963,0.556117607,4.729175865,2.25E-06,0.000305542
LOC104834304,104834304,plasminogen activator inhibitor 1-like,protein-coding,22.2737267,2.650213251,0.477813846,5.54653925,2.91E-08,6.60E-06
ANO8,104829189,anoctamin-8,protein-coding,32.92222568,2.658205065,0.444867678,5.975271287,2.30E-09,6.34E-07
LOC104833306,104833306,LOW QUALITY PROTEIN: mas-related G-protein coupled receptor member X1-like,protein-coding,8.437358261,2.660046212,0.696863516,3.817169575,0.000134991,0.009266366
TNFRSF6B,104833184,tumor necrosis factor receptor superfamily member 6B,protein-coding,20.85750365,2.662715792,0.463016984,5.750795082,8.88E-09,2.37E-06
SLC22A23,104835335,solute carrier family 22 member 23,protein-coding,278.9326979,2.681118716,0.424569007,6.314918588,2.70E-10,9.12E-08
ADM,104829587,ADM,protein-coding,13.50526613,2.686189835,0.562193773,4.778049787,1.77E-06,0.000248788
PCBD1,104839626,pterin-4-alpha-carbinolamine dehydratase,protein-coding,8.490045879,2.687104606,0.82661036,3.250751184,0.001151005,0.048399619
HPCAL1,104831243,hippocalcin-like protein 1,protein-coding,714.6853044,2.69116659,0.442485197,6.08193586,1.19E-09,3.47E-07
LOC104836427,104836427,vascular non-inflammatory molecule 2-like,protein-coding,148.9802919,2.701792588,0.417367795,6.473409352,9.58E-11,3.93E-08
STEAP4,104836224,LOW QUALITY PROTEIN: metalloreductase STEAP4,protein-coding,139.3093774,2.707283213,0.402175811,6.73159135,1.68E-11,8.49E-09
LOC104833919,104833919,uncharacterized gene,pseudogene,26.9028868,2.743778687,0.451025648,6.08342053,1.18E-09,3.47E-07
LOC104837206,104837206,digestive cysteine proteinase 1-like,protein-coding,72.34217494,2.747931404,0.453322419,6.061759336,1.35E-09,3.86E-07
LOC104835468,104835468,feather keratin Cos2-3-like,protein-coding,21.6603822,2.750837119,0.495308303,5.55378761,2.80E-08,6.43E-06
MLKL,104842122,mixed lineage kinase domain-like protein,protein-coding,66.48829695,2.781427159,0.439747083,6.32506108,2.53E-10,8.73E-08
LOC104829313,104829313,zinc finger protein 282-like,protein-coding,9.806304669,2.808638569,0.654436924,4.291687198,1.77E-05,0.001703625
INHBA,104840669,inhibin beta A chain,protein-coding,23.95787161,2.810346227,0.644683811,4.359262911,1.31E-05,0.001377094
EBI3,104828576,interleukin-27 subunit beta,protein-coding,9.135842617,2.825039295,0.55223692,5.115629163,3.13E-07,5.32E-05
LOC104829543,104829543,serum amyloid A protein-like,protein-coding,207.9584302,2.86551529,0.329280482,8.702353913,3.25E-18,4.11E-15
SPRY3,104832747,protein sprouty homolog 3,protein-coding,15.24578798,2.869659833,0.570228362,5.032474747,4.84E-07,7.82E-05
LOC104831323,104831323,NFX1-type zinc finger-containing protein 1-like,protein-coding,11.34127983,2.965328306,0.53333074,5.560017611,2.70E-08,6.30E-06
LOC104836734,104836734,C->U-editing enzyme APOBEC-1-like,protein-coding,74.10397079,3.017092858,0.470053498,6.418615899,1.38E-10,5.22E-08
HPGDS,104843304,hematopoietic prostaglandin D synthase,protein-coding,97.52545859,3.032681692,0.569975736,5.320720687,1.03E-07,2.09E-05
THY1,104840484,thy-1 membrane glycoprotein,protein-coding,6.503277043,3.041047321,0.902766231,3.368587811,0.000755543,0.035216656
LOC104835482,104835482,uncharacterized gene,V_segment,3.739584482,3.058939783,0.80264798,3.811060214,0.000138372,0.009419228
SERINC2,104837231,serine incorporator 2,protein-coding,29.26045342,3.076273817,0.705178295,4.362405702,1.29E-05,0.00137518
NPR2,104833289,atrial natriuretic peptide receptor 2,protein-coding,9.435039882,3.093098973,0.751867497,4.113888398,3.89E-05,0.003413741
LOC104839762,104839762,neuronal-glial cell adhesion molecule-like,protein-coding,1.960294827,3.108476225,0.897757563,3.462489601,0.000535203,0.027081251
LOC104835058,104835058,2'-5'-oligoadenylate synthase 1-like,protein-coding,880.0319461,3.133151146,0.392457674,7.983411589,1.42E-15,1.27E-12
IL10,104839037,interleukin-10,protein-coding,18.87138427,3.162857593,0.571889154,5.530543059,3.19E-08,7.13E-06
PLVAP,104829119,plasmalemma vesicle-associated protein,protein-coding,68.66915181,3.176183993,0.493201201,6.439935646,1.20E-10,4.77E-08
RASIP1,104837644,ras-interacting protein 1,protein-coding,4.327585293,3.185753154,0.950940193,3.350108846,0.000807798,0.037046451
LOC104833171,104833171,bactericidal permeability-increasing protein-like,protein-coding,39.70138831,3.210190411,0.478378001,6.710572821,1.94E-11,9.26E-09
PROCA1,104835761,protein PROCA1,protein-coding,3.525634786,3.214737786,0.942390168,3.411259895,0.000646634,0.031711487
LOC104832201,104832201,G-protein coupled receptor 55-like,protein-coding,2.100742872,3.217932359,0.986733412,3.26119732,0.001109428,0.047306512
LOC104838292,104838292,interferon alpha-inducible protein 6-like,protein-coding,6.155484511,3.234295388,0.758909139,4.261768926,2.03E-05,0.001914618
LOC104834370,104834370,"cholesterol side-chain cleavage enzyme, mitochondrial",protein-coding,7.957164357,3.253682059,0.726069383,4.481227463,7.42E-06,0.00087332
NTN4,104828348,netrin-4,protein-coding,94.13988414,3.304083683,0.487399851,6.779000188,1.21E-11,6.33E-09
TNFAIP2,104830483,tumor necrosis factor alpha-induced protein 2,protein-coding,18.34792075,3.3112949,0.685588924,4.829854722,1.37E-06,0.000203342
SLC4A9,104830830,anion exchange protein 4,protein-coding,33.15383268,3.384090175,0.591510951,5.721094715,1.06E-08,2.72E-06
KCNN1,104829185,small conductance calcium-activated potassium channel protein 1,protein-coding,14.64748414,3.390124141,0.556891944,6.087579783,1.15E-09,3.47E-07
PTGS2,104840027,prostaglandin G/H synthase 2 isoform X1,protein-coding,50.39766012,3.406765269,0.55399572,6.149443303,7.78E-10,2.46E-07
LOC104843180,104843180,C-C motif chemokine 3-like 1,protein-coding,203.1225328,3.420359801,0.523621613,6.53212113,6.48E-11,2.73E-08
LOC104836340,104836340,toll-like receptor 2,protein-coding,47.98081146,3.429564295,0.363996558,9.421969014,4.43E-21,1.34E-17
LOC104835142,104835142,uncharacterized protein LOC104835142,protein-coding,78.2526742,3.431923182,0.455285818,7.537953184,4.77E-14,3.62E-11
CYGB,104839205,cytoglobin,protein-coding,27.05280665,3.449262312,0.619001516,5.572300265,2.51E-08,5.96E-06
LOC104833309,104833309,mas-related G-protein coupled receptor member X1-like,protein-coding,84.53613676,3.481740834,0.406451848,8.566182803,1.07E-17,1.25E-14
F3,104841239,tissue factor,protein-coding,13.39956562,3.504882735,0.616318882,5.686800839,1.29E-08,3.27E-06
DMRT3,104841302,doublesex- and mab-3-related transcription factor 3,protein-coding,9.066166513,3.702592478,0.700599194,5.284894002,1.26E-07,2.41E-05
LOC104836756,104836756,interleukin-8,protein-coding,1308.360006,3.704164126,0.470022729,7.880819155,3.25E-15,2.60E-12
SELE,104840593,E-selectin,protein-coding,930.4777821,3.714856149,0.584265607,6.358163313,2.04E-10,7.38E-08
LOC104836426,104836426,pantetheinase-like,protein-coding,43.85783875,3.74495854,0.720997767,5.194133338,2.06E-07,3.67E-05
SEMA6B,104828569,semaphorin-6B,protein-coding,23.4097092,3.756246714,0.502681546,7.472418164,7.87E-14,5.69E-11
IRG1,104838492,cis-aconitate decarboxylase,protein-coding,92.90360364,3.822316473,0.403644766,9.469505838,2.81E-21,1.07E-17
CDH1,104839403,cadherin-1,protein-coding,25.6383279,3.857328241,0.583707098,6.608328485,3.89E-11,1.74E-08
THBD,104836460,thrombomodulin,protein-coding,27.43065804,3.862593322,0.558786883,6.912462404,4.76E-12,2.58E-09
LOC104833308,104833308,proto-oncogene Mas-like,protein-coding,35.22442539,3.902442777,0.533582255,7.313666718,2.60E-13,1.79E-10
DYNAP,104841415,dynactin-associated protein,protein-coding,71.39361698,3.91352692,0.449269447,8.710868158,3.02E-18,4.11E-15
EPS8L3,104842445,epidermal growth factor receptor kinase substrate 8-like protein 3,protein-coding,43.72029044,4.167678752,0.461400679,9.032667149,1.68E-19,3.63E-16
CCL5,104843158,C-C motif chemokine 5,protein-coding,158.0327931,4.543055813,0.506652873,8.966801639,3.05E-19,5.79E-16
LOC104843161,104843161,C-C motif chemokine 4 homolog isoform X1,protein-coding,343.4036826,4.67279328,0.527095357,8.865176325,7.64E-19,1.29E-15
RSAD2,104831283,radical S-adenosyl methionine domain-containing protein 2,protein-coding,542.142982,4.714786196,0.497037504,9.485775538,2.41E-21,1.07E-17
LOC104828915,104828915,interleukin-1 beta-like,protein-coding,244.3635515,4.89206495,0.443428954,11.03235346,2.67E-28,4.05E-24
CSF3,104842907,granulocyte colony-stimulating factor,protein-coding,8.179257079,5.132536741,0.971432363,5.283473082,1.27E-07,2.41E-05
FZD2,104827958,frizzled-2,protein-coding,12.95894114,5.251748179,0.654579909,8.023081831,1.03E-15,9.78E-13
LCNL1,104829983,lipocalin-like 1 protein,protein-coding,614.2508116,5.436721681,0.663760749,8.190785145,2.60E-16,2.63E-13
ORM2,104834050,alpha-1-acid glycoprotein 2,protein-coding,33.29342964,5.604803441,0.64169458,8.734378647,2.45E-18,3.72E-15
LOC104843159,104843159,C-C motif chemokine 4-like,protein-coding,33.73864459,5.657368951,0.664477194,8.51401523,1.68E-17,1.82E-14
LOC104836757,104836757,interleukin-8-like,protein-coding,382.5817553,6.524735762,0.598428836,10.90311057,1.11E-27,8.45E-24